old_name,new_name,original_hash,file_type,magic_number_hex,magic_number_offset_hex,magic_number_ascii,metadata.size,metadata.created,metadata.modified,metadata.accessed
File001,File001.dll,7a6f4e0442b3b4f6f936c00e7fd813d0fda011f10496481d94805003cf4f330b,exe,4d5a,,MZ,10768,2025-02-28T22:43:20.337829,2025-02-28T01:33:00,2025-02-28T22:44:45.085279
File002,File002.ps1,ed5de336ddc9ff34554219b5c125971399bbbbb71db8a465aa7d17bb8944eb9d,ps1,efbbbf3c,,ï»¿<,556,2025-02-28T22:43:20.339829,2025-02-28T01:33:00,2025-02-28T22:44:45.105284
File003,File003.txt,58d04b05a781cbfe76a36ce7a5e275b65972dacd5384b990217d271d090e8e0b,txt,,,,1855,2025-02-28T22:43:20.341830,2025-02-28T01:33:00,2025-02-28T22:44:45.121288
File004,File004.bat,621a179e360dde879b74b9be144b8ab6e630e58ea992971f3bca9146c9635c20,bat,,,,149,2025-02-28T22:43:20.343831,2025-02-28T01:33:00,2025-02-28T22:44:45.123288
File005,File005.dll,be03d7f716ccb1120fabf644f12d9bea11e0eeeb8b2c64686b842869cd4c50f0,exe,4d5a,,MZ,2560,2025-02-28T22:43:20.345830,2025-02-28T01:33:00,2025-02-28T22:44:45.124289
File006,File006.pptx,fe5d03498443b9d9b248d83499f26e7c177ca6e41c4394ff010f77aa85344a91,zip,504b0304,,PK..,4319474,2025-02-28T22:43:20.347831,2025-02-28T01:33:00,2025-02-28T22:44:45.130290
File007,File007.docx,593e2bfb37d712aa42b97ca849d23107456dcc69dc61408978c4ae4c5a9806e8,zip,504b0304,,PK..,1013332,2025-02-28T22:43:20.351832,2025-02-28T01:33:00,2025-02-28T22:44:45.229313
File008,File008.png,1e8804a55aa1931e0382776bad307c5b7401daed687b87bf2dc2ca4a4cd075f5,png,89504e470d0a1a0a,,%PNG....,1617304,2025-02-28T22:43:20.354838,2025-02-28T01:33:00,2025-02-28T22:44:45.264320
File009,File009.png,caa4f0870e1edf0e723db15963b182576d841a4df2202ea7e36a0c19a4a3853f,png,89504e470d0a1a0a,,%PNG....,1726586,2025-02-28T22:43:20.357839,2025-02-28T01:33:00,2025-02-28T22:44:45.276323
File010,File010.pptx,3b7abb872967e1db077436f9888bb0039ad4cc0ef0ac066a638a57d4bd26c775,zip,504b0304,,PK..,4155280,2025-02-28T22:43:20.359840,2025-02-28T01:33:00,2025-02-28T22:44:45.290326
File011,File011.pptx,7d0d7911b0d2f8edd31039124f32e2565cd65705d491344e7e51282da201de88,zip,504b0304,,PK..,12996644,2025-02-28T22:43:20.363841,2025-02-28T01:33:00,2025-02-28T22:44:45.393349
File012,,071345a2709641e09bd87d46c65dd868e1000e1429f36051df2c9b479a9e8fd5,zip,,,,28659,2025-02-28T22:43:20.371842,2025-02-28T01:33:00,2025-02-28T22:44:45.620400
File013,File013.ps1,ad4a58c7b13e3bf2504d6e9a4f67c03bbdc3cc09a338c3b7fdc1e890e1c80e93,ps1,efbbbf3c,,ï»¿<,814,2025-02-28T22:43:20.373843,2025-02-28T01:33:00,2025-02-28T22:44:45.621400
File014,File014.docx,233c2b822e1930e61de96b91aa6051c327301c1f46a0887f43cc21534fd44de1,zip,504b0304,,PK..,3050393,2025-02-28T22:43:20.375843,2025-02-28T01:33:00,2025-02-28T22:44:45.626402
File015,File015.bat,324d140227ff55095c890442e288bd78259fb18008caac0bf611dfccad2d2bc2,bat,,,,164,2025-02-28T22:43:20.379843,2025-02-28T01:33:00,2025-02-28T22:44:45.669411
File016,File016.bat,a71945c90d5a1dd9b21256ad2f71d6b426aa5a51bcdc1692b128e6316771c890,bat,,,,87,2025-02-28T22:43:20.382844,2025-02-28T01:33:00,2025-02-28T22:44:45.671411
File017,File017.pptx,6c2ddef8af98d34537d0b8cdb4251c2d6a55b09875305c82b39bdac20dea70ef,zip,504b0304,,PK..,4810789,2025-02-28T22:43:20.383845,2025-02-28T01:33:00,2025-02-28T22:44:45.678413
File018,File018.pdf,304f551a0c08e27c12b749fcc8f213b97ba87c3f09d0669f6655e1a5400c933f,pdf,25504446,,%PDF,407134,2025-02-28T22:43:20.388846,2025-02-28T01:33:00,2025-02-28T22:44:45.774435
File019,File019.png,2517ee94d08b1eb42f5599f45066d450c26782e1c6ffc0fc0225d89c62d2e2bf,png,89504e470d0a1a0a,,%PNG....,1651234,2025-02-28T22:43:20.389846,2025-02-28T01:33:00,2025-02-28T22:44:45.788438
File020,File020.txt,9fd1640e94b12e51aa238c41e6306f9e0619f672f969ec4b2cb347732744188a,txt,,,,38102,2025-02-28T22:43:20.393847,2025-02-28T01:33:00,2025-02-28T22:44:45.798440
File021,File021.txt,13fb48a6c31a72e0e2b69650b1cebe8954f7b73449848492dcfd22b25bd91afa,txt,,,,35182,2025-02-28T22:43:20.395849,2025-02-28T01:33:00,2025-02-28T22:44:45.811443
File022,File022.pdf,5ba8b8c4481d78f5b39daffb796ff663aa50b8338edc61b0a6ee028ad0a1b2eb,pdf,25504446,,%PDF,185443,2025-02-28T22:43:20.396848,2025-02-28T01:33:00,2025-02-28T22:44:45.820445
File023,File023.txt,172ceeeacd20f57c054f26ba9ba83d9ea971fcb3cca9a343135371cddcd77197,txt,,,,686849,2025-02-28T22:43:20.398849,2025-02-28T01:33:00,2025-02-28T22:44:45.832447
File024,File024.dll,7dc700da62ae9e18138d220ea344c5c104b8c4a32dc2af96076121a799185dc4,exe,4d5a,,MZ,3072,2025-02-28T22:43:20.401649,2025-02-28T01:33:00,2025-02-28T22:44:45.840450
File025,File025.dll,3df63fb05c080d1652305e4aa50bbcfba703b71f4f5b55b29762fdbb8eecf82b,exe,4d5a,,MZ,23832,2025-02-28T22:43:20.402651,2025-02-28T01:33:00,2025-02-28T22:44:45.842450
File026,File026.txt,81cbae84a29ce7e770bf2bc7b178e50bda0ce8de6067aba661b0bc7b05b562f8,txt,,,,35821,2025-02-28T22:43:20.404651,2025-02-28T01:33:00,2025-02-28T22:44:45.866455
File027,File027.dll,a82e984256abd016dfef2e0dd554bf7d36c3edffdcc516580df4d0527da63cf8,exe,4d5a,,MZ,3584,2025-02-28T22:43:20.406651,2025-02-28T01:33:00,2025-02-28T22:44:45.874457
File028,File028.bat,0a7cc99c58d394b983cd6f0084acc9fe71b7cc6bcfc91c543bb8dc1a5174b63b,bat,,,,109,2025-02-28T22:43:20.408652,2025-02-28T01:33:00,2025-02-28T22:44:45.876459
File029,File029.bat,f2d66c27e46fd953e90929cfa21390964036b8c913d99acacc4295f8daa049de,bat,,,,273,2025-02-28T22:43:20.410652,2025-02-28T01:33:00,2025-02-28T22:44:45.878459
File030,File030.pptx,570481ebf63d977e87206c3810f9ffd4d9357b37aae5767d86a061fc0135d767,zip,504b0304,,PK..,5379567,2025-02-28T22:43:20.412652,2025-02-28T01:33:00,2025-02-28T22:44:45.885460
File031,,81082c4fcc0ec554191ffe3443dacf4d442337264060ee97d019c3c84c6e099c,zip,,,,59159,2025-02-28T22:43:20.417654,2025-02-28T01:33:00,2025-02-28T22:44:46.016489
File032,File032.pptx,89329961c24be7ab46447b5a0da0a3787e37f2d7d00c98aa3673c77c973e02a4,zip,504b0304,,PK..,176259,2025-02-28T22:43:20.419654,2025-02-28T01:33:00,2025-02-28T22:44:46.018489
File033,File033.txt,52a382ff0005e95597de5539d5b9ab1208e5e943d19bb6a14537fec2d2a3d64d,txt,,,,31332,2025-02-28T22:43:20.421655,2025-02-28T01:33:00,2025-02-28T22:44:46.050496
File034,File034.bat,be063e3c106e6ecbcd6366742cfbacd3c6fdd5596665d2679de8cbfa5960d26f,bat,,,,77,2025-02-28T22:43:20.423656,2025-02-28T01:33:00,2025-02-28T22:44:46.058499
File035,File035.pptx,155f0ed931821473758ba6f804d113c50afe262eb1c4c182e3a0f1a7a09970ec,zip,504b0304,,PK..,3097388,2025-02-28T22:43:20.425655,2025-02-28T01:33:00,2025-02-28T22:44:46.063500
File036,File036.png,fc691fa2e54dafccb9744fe0249f946a87b4e69f2a49ace3c9cce22dd737b82e,png,89504e470d0a1a0a,,%PNG....,1417519,2025-02-28T22:43:20.429657,2025-02-28T01:33:00,2025-02-28T22:44:46.163259
File037,File037.pptx,7321f38d919d4fb46030f5692d2aaa8d74caee26fbbdf7e4b06ea71b68ed27fd,zip,504b0304,,PK..,266343,2025-02-28T22:43:20.431657,2025-02-28T01:33:00,2025-02-28T22:44:46.173261
File038,File038.txt,131694dfcd8c271b37e54ca9e5c1abbb9ac88526e15cbb9356084667282d36eb,txt,,,,5125758,2025-02-28T22:43:20.433657,2025-02-28T01:33:00,2025-02-28T22:44:46.247278
File039,File039.ps1,abbc52db824b9a134dfd0ef0c646a8e2382a05e7af9a9f5865b77cc704844495,ps1,efbbbf3c,,ï»¿<,608,2025-02-28T22:43:20.473679,2025-02-28T01:33:00,2025-02-28T22:44:46.265281
File040,File040.bat,0eefccda4460faab2f6a2243598f74a58c93c2ff01a60e4c7b87ff2ff048677e,bat,,,,168,2025-02-28T22:43:20.476390,2025-02-28T01:33:00,2025-02-28T22:44:46.267283
File041,File041.png,d2c03ebbcb573163994d6eb247209a6cd9ffd5141b14511e4766a31b303c0b65,png,89504e470d0a1a0a,,%PNG....,1640375,2025-02-28T22:43:20.478394,2025-02-28T01:33:00,2025-02-28T22:44:46.271283
File042,File042.dll,8b9d7b249fd8b32d14465b6d038060da3545114bcf0041ada1f7205b81d6887d,exe,4d5a,,MZ,11280,2025-02-28T22:43:20.480394,2025-02-28T01:33:00,2025-02-28T22:44:46.281286
File043,File043.docx,13e84bab911c370a9c80081d6a711f6f334296996cac27348aaad72aa59dc5b7,zip,504b0304,,PK..,106799,2025-02-28T22:43:20.482358,2025-02-28T01:33:00,2025-02-28T22:44:46.301290
File044,File044.bat,d6a99d5fa30152aa09b95e8198641cc9ee95c27051ceb5031b22bacb674a7073,bat,,,,229,2025-02-28T22:43:20.484358,2025-02-28T01:33:00,2025-02-28T22:44:46.327296
File045,File045.jpg,e3a4563c0f11178ce2eb4623899a43c9221b68e6e0b8ecaeebca23c4277d9496,jpg,ffd8,,,137878,2025-02-28T22:43:20.486358,2025-02-28T01:33:00,2025-02-28T22:44:46.329297
File046,File046.exe,2300646f4daccc0773f9cdc078f603814c2025828cb978137e3b38fb1a2a64a3,exe,4d5a,,MZ,80947,2025-02-28T22:43:20.488358,2025-02-28T01:33:00,2025-02-28T22:44:46.336298
File047,File047.exe,6a34ddbbc2a43d2c911fbf7b59824c4b7860448f7c1435e520b562af33614d50,exe,4d5a,,MZ,1082258,2025-02-28T22:43:20.490359,2025-02-28T01:33:00,2025-02-28T22:44:46.346300
File048,File048.ps1,5ac465d7d37bad28b424c139e142cea865d163495182eecdebf02ea91705d0a9,ps1,efbbbf3c,,ï»¿<,831,2025-02-28T22:43:20.492360,2025-02-28T01:33:00,2025-02-28T22:44:46.414315
File049,File049.ps1,9f85d5be7ccd66b89e730bb720e157bac05d165d38cb41c343eb21421c10e359,ps1,efbbbf3c,,ï»¿<,1804,2025-02-28T22:43:20.494360,2025-02-28T01:33:00,2025-02-28T22:44:46.415315
File050,File050.bat,0bfdd7cb1d0cb8697316b798e83792d11634273aa4471e31409fe86c15e70104,bat,,,,86,2025-02-28T22:43:20.496360,2025-02-28T01:33:00,2025-02-28T22:44:46.417316
File051,File051.exe,bb09f3b4e07672d3ac19638db0979ec4c5442492af49b14006c60c55a97f7d04,exe,4d5a,,MZ,716249,2025-02-28T22:43:20.498362,2025-02-28T01:33:00,2025-02-28T22:44:46.419316
File052,File052.jpg,2853b3fa183165c4ec4fe29a88c722c5573c60c40ac92581fa2ee53f6af22a8c,jpg,ffd8,,,146273,2025-02-28T22:43:20.501362,2025-02-28T01:33:00,2025-02-28T22:44:46.444322
File053,File053.jpg,cbc1858fa38513e9d63f90483cccc15745a5bfa58642b9fe8f60374f7d684308,jpg,ffd8,,,173909,2025-02-28T22:43:20.503362,2025-02-28T01:33:00,2025-02-28T22:44:46.450324
File054,File054.ps1,b2234d575d7257d1280199c630c2a9bc15d637dd04e040cff0d42dd8001f9531,ps1,efbbbf3c,,ï»¿<,628,2025-02-28T22:43:20.505363,2025-02-28T01:33:00,2025-02-28T22:44:46.457325
File055,File055.txt,044dabbdcc1d8d6dcac29643daf6a30de44ba64d551361019d0ac29f3d09c551,txt,,,,844097,2025-02-28T22:43:20.507363,2025-02-28T01:33:00,2025-02-28T22:44:46.459325
File056,File056.pptx,eebca9f734909c752bd248639b0b387908cb6df0182ea97346857fc88affb08a,zip,504b0304,,PK..,340390,2025-02-28T22:43:20.509364,2025-02-28T01:33:00,2025-02-28T22:44:46.466327
File057,File057.ps1,9c81453c7de7f7b959263051a8107ddafaad8a53fad4125c6a72541eb06a06bb,ps1,efbbbf3c,,ï»¿<,691,2025-02-28T22:43:20.511364,2025-02-28T01:33:00,2025-02-28T22:44:46.526983
File058,File058.txt,0b37ab6ce65c46852c4201e7756c243a8a019ceba7b62558b2666a7eb24afb17,txt,,,,23112,2025-02-28T22:43:20.513365,2025-02-28T01:33:00,2025-02-28T22:44:46.527983
File059,File059.png,5220da04b5ef146ca0230533d56c2085c170d9557c7333faad22f3bc766fb2b0,png,89504e470d0a1a0a,,%PNG....,1720207,2025-02-28T22:43:20.515366,2025-02-28T01:33:00,2025-02-28T22:44:46.541985
File060,File060.dll,35c1692f61a508740541e3ce33ebd664db88b7d78bbd99994b9082c42b99efdd,exe,4d5a,,MZ,3072,2025-02-28T22:43:20.517366,2025-02-28T01:33:00,2025-02-28T22:44:46.550987
File061,File061.bat,d3dd96a21af17539c75ef957bd5a90b745c590af2667c282b160bdb2f0732067,bat,,,,106,2025-02-28T22:43:20.519366,2025-02-28T01:33:00,2025-02-28T22:44:46.552989
File062,File062.dll,145cca35fc844f511e8af7756374d27125a440b088410ade80c15527fb39e224,exe,4d5a,,MZ,11272,2025-02-28T22:43:20.521366,2025-02-28T01:33:00,2025-02-28T22:44:46.554988
File063,File063.txt,f1330cf05c37e77a9b29e7078d564282ca9c897ceebf50fa1e2078d21e48cffd,txt,,,,1962050,2025-02-28T22:43:20.523367,2025-02-28T01:33:00,2025-02-28T22:44:46.575993
File064,File064.txt,06b41becd146579b61b1ff06b083406ec810d047b89adef3eaa0e50a3d6ade33,txt,,,,2138,2025-02-28T22:43:20.526367,2025-02-28T01:33:00,2025-02-28T22:44:46.585996
File065,File065.txt,ae1723cc3fb17ca87d6be46de09162dcb52f4b5291c58a095e12cbe3bb5e2414,txt,,,,756,2025-02-28T22:43:20.528368,2025-02-28T01:33:00,2025-02-28T22:44:46.587996
File066,File066.pdf,dacc4061e08088885f6338bdee771df124755e4b59c8abdd6bf96b9b81ddf538,pdf,25504446,,%PDF,3259060,2025-02-28T22:43:20.530368,2025-02-28T01:33:00,2025-02-28T22:44:46.592996
File067,File067.exe,78d9ccc3aea19b6656afb4cb7a7afddf0eb3fa2ee3c348a628b3beeacd0e98a2,exe,4d5a,,MZ,366608,2025-02-28T22:43:20.533369,2025-02-28T01:33:00,2025-02-28T22:44:46.609000
File068,File068.png,e9099b712728530d628b1198561e6c2cac999f54e07a0a3923b9ad6f2d36004b,png,89504e470d0a1a0a,,%PNG....,1485481,2025-02-28T22:43:20.535369,2025-02-28T01:33:00,2025-02-28T22:44:46.620003
File069,File069.png,4597944501acf1ef4475162997e25e581a6f5d7d760f85826e6960ef5a49d1fe,png,89504e470d0a1a0a,,%PNG....,170993,2025-02-28T22:43:20.538370,2025-02-28T01:33:00,2025-02-28T22:44:46.630005
File070,File070.png,c4cc527b4b4c5cab414a2ca920a3596df19ed8f5808509672b6b25b7feeca047,png,89504e470d0a1a0a,,%PNG....,1645439,2025-02-28T22:43:20.540371,2025-02-28T01:33:00,2025-02-28T22:44:46.638007
File071,File071.dll,f650b7d8b20d0dc12ecdd0f683c3a1252d4fa0d9941378541738f38614af3c67,exe,4d5a,,MZ,11792,2025-02-28T22:43:20.542371,2025-02-28T01:33:00,2025-02-28T22:44:46.646010
File072,File072.png,cfe80c6d2e2233791b84e68c40dbba5be93805c5f8ad829cf525b9dfd67c25a8,png,89504e470d0a1a0a,,%PNG....,1655833,2025-02-28T22:43:20.545160,2025-02-28T01:33:00,2025-02-28T22:44:46.668013
File073,File073.jpg,bd678df29699f8c9af45ec4bf10f8b7a197bb0d07850fa5c64fd013910bc5e5c,jpg,ffd8,,,157801,2025-02-28T22:43:20.547162,2025-02-28T01:33:00,2025-02-28T22:44:46.678016
File074,,1a8bd54fb55f42a50ab36aae0ec2e366a7e16f2169086aa448d062be79b1ab1a,zip,,,,7213107,2025-02-28T22:43:20.549162,2025-02-28T01:33:00,2025-02-28T22:44:46.692019
File075,File075.exe,44703ef6d22f6859c137eb844f3939d0e7aa21fb7f6bed16861758bb9e5229c5,exe,4d5a,,MZ,341331,2025-02-28T22:43:20.554164,2025-02-28T01:33:00,2025-02-28T22:44:46.694020
File076,File076.docx,f7bd687eddd64d561b50372ddaef38b90ae58a358099a06dbf33a894856b9760,zip,504b0304,,PK..,115731,2025-02-28T22:43:20.556165,2025-02-28T01:33:00,2025-02-28T22:44:46.759034
File077,File077.ps1,611d489613cbef351d56d9e5b5e51e44d95376d60b70cee8c1bf4fd9a3d128e0,ps1,efbbbf3c,,ï»¿<,603,2025-02-28T22:43:20.558164,2025-02-28T01:33:00,2025-02-28T22:44:46.849061
File078,File078.jpg,18bda15f6aed8448f4d714569c4ca343ad8e7dc0ebdd7016fe4ecf8ba51b2c2d,jpg,ffd8,,,160610,2025-02-28T22:43:20.560166,2025-02-28T01:33:00,2025-02-28T22:44:46.851062
File079,File079.txt,96cb4aaffd42b83c1f3325208d88d1d37bdc985d1e09bf3a01c42c3f4ce0a943,txt,,,,339655,2025-02-28T22:43:20.562165,2025-02-28T01:33:00,2025-02-28T22:44:46.858064
File080,File080.dll,4879d504f9bfb07bea63f737a7d075d02bd3ec8fdbec4acbcf13c22e2bece3b8,exe,4d5a,,MZ,11792,2025-02-28T22:43:20.564166,2025-02-28T01:33:00,2025-02-28T22:44:46.864065
File081,File081.dll,9a253a8e0737cd0f157afcdcccc509e8da3e15aa072c5d1aeb3921aa9364216b,exe,4d5a,,MZ,3072,2025-02-28T22:43:20.566166,2025-02-28T01:33:00,2025-02-28T22:44:46.884069
File082,File082.bat,a8e59a9df5508fc37a2bbbd42cb25427b0916d474b012ba2bf826190145594cb,bat,,,,147,2025-02-28T22:43:20.568167,2025-02-28T01:33:00,2025-02-28T22:44:46.885070
File083,File083.bat,07c2b8430a74a8ac1622b5223d7b11b1cdfbc24db0e0b34ef72697c35799a91f,bat,,,,124,2025-02-28T22:43:20.569167,2025-02-28T01:33:00,2025-02-28T22:44:46.887070
File084,File084.pdf,8d274a84770ef915b9a2470fa11e0127ca78cff6717552b57a8a155aa3381533,pdf,25504446,,%PDF,417316,2025-02-28T22:43:20.571168,2025-02-28T01:33:00,2025-02-28T22:44:46.888071
File085,File085.docx,ef72773db6a85f9958aa9902903f0e901526100d826007770c095467ed72e9e3,zip,504b0304,,PK..,406205,2025-02-28T22:43:20.573168,2025-02-28T01:33:00,2025-02-28T22:44:46.900072
File086,File086.txt,5c2ca1f15d4e9c3964785018c1f0a0309b2c64279c1b93cf3116fb71b60b9a0d,txt,,,,677,2025-02-28T22:43:20.576169,2025-02-28T01:33:00,2025-02-28T22:44:46.935081
File087,,0b56a46148fe47c91eb72148db0d6948ba562aea7431e4b71eb5cd855ac0f1a3,zip,,,,288249,2025-02-28T22:43:20.578169,2025-02-28T01:33:00,2025-02-28T22:44:46.942082
File088,File088.bat,5cdf52caf1a723074afda063ada5d669fa3035e4122618a1379530863b6ff471,bat,,,,100,2025-02-28T22:43:20.581170,2025-02-28T01:33:00,2025-02-28T22:44:46.944084
File089,File089.jpg,34452eded8f8e27c105408e04149ed8de01b80fb4f05e8683ba24e831554734c,jpg,ffd8,,,180248,2025-02-28T22:43:20.583170,2025-02-28T01:33:00,2025-02-28T22:44:46.945084
File090,File090.jpg,bd72109e3820a742b32a683a315f5bc0512250da6dcb4c46744af3e85f22da12,jpg,ffd8,,,169745,2025-02-28T22:43:20.584170,2025-02-28T01:33:00,2025-02-28T22:44:46.953085
File091,File091.txt,22711f384d3443a30000d7829ff71f09745995c935bfd2e5f730884a4aa557a9,txt,,,,494,2025-02-28T22:43:20.586172,2025-02-28T01:33:00,2025-02-28T22:44:46.961086
File092,File092.exe,4cd742b67eab294606c6f7813618af6d5824c2fefdc7469941a7f4394d8c3d12,exe,4d5a,,MZ,412847,2025-02-28T22:43:20.592173,2025-02-28T01:33:00,2025-02-28T22:44:46.963087
File093,,a3c1db4b5a48165f66b1c52610c8c3c4232417756cf6f638a273020cd7eb8707,zip,,,,3038333,2025-02-28T22:43:20.594176,2025-02-28T01:33:00,2025-02-28T22:44:47.028101
File094,File094.docx,c5f3ac4a574e2bc4485f118c2861d93f6bdc8668cd28bb307fbd685fc98a26ed,zip,504b0304,,PK..,62950,2025-02-28T22:43:20.597176,2025-02-28T01:33:00,2025-02-28T22:44:47.030102
File095,File095.exe,bc00e73aa9064d4acca54d5b4d69bf2e7182f31169fd8ad0a214ed6b306a7b0c,exe,4d5a,,MZ,259805,2025-02-28T22:43:20.599176,2025-02-28T01:33:00,2025-02-28T22:44:47.058109
File096,File096.xlsx,188899ce3ec824a842b71508e6a2b8fe96bb96d4bd7be338042a88df447f11b2,zip,504b0304,,PK..,187180,2025-02-28T22:43:20.616181,2025-02-28T01:33:00,2025-02-28T22:44:47.113121
File097,File097.txt,98758513eab9dec8874b5bbe1c651544721007d344f9d8945c95c76a70a20bf9,txt,,,,132678,2025-02-28T22:43:20.618183,2025-02-28T01:33:00,2025-02-28T22:44:47.143127
File098,File098.png,a920e0ea11d2ba741547e289f88de354c5719366a8b3d32cf37db91cd68bd219,png,89504e470d0a1a0a,,%PNG....,1684054,2025-02-28T22:43:20.620182,2025-02-28T01:33:00,2025-02-28T22:44:47.151129
File099,File099.txt,1458551d93f12aeada0bacd52b1e17f75167cc90fc09cf7504cce2b296352f65,txt,,,,352,2025-02-28T22:43:20.623183,2025-02-28T01:33:00,2025-02-28T22:44:47.160131
File100,File100.xlsx,8d5335dba28ff705ead7a9f4c83872cdb0908e34f21421580a52c2ec8e72e446,zip,504b0304,,PK..,27963,2025-02-28T22:43:20.626184,2025-02-28T01:33:00,2025-02-28T22:44:47.162132
File101,File101.dll,655ce7fca0959a0eeb39b41dc7bdf3e094558875fb433067b6abce1be34c7c08,exe,4d5a,,MZ,12816,2025-02-28T22:43:20.628185,2025-02-28T01:33:00,2025-02-28T22:44:47.180135
File102,File102.txt,6f07fef56af1ab119fa864ceb2d4e47a1877573ad12d4adae77d44e854c19552,txt,,,,196042,2025-02-28T22:43:20.629184,2025-02-28T01:33:00,2025-02-28T22:44:47.199140
File103,File103.pdf,fc04c312670430be2afbd2119e448d49c95d53351777cf308b0f95c94ce254ff,pdf,25504446,,%PDF,7474390,2025-02-28T22:43:20.631186,2025-02-28T01:33:00,2025-02-28T22:44:47.216144
File104,File104.pptx,b8c95670d177067441851cf45d2da12f39ec89bf3c9e85dea17a531ffadddfee,zip,504b0304,,PK..,1286316,2025-02-28T22:43:20.637187,2025-02-28T01:33:00,2025-02-28T22:44:47.242150
File105,File105.png,67cc5157e5d6ac139820be90071de05cf2d90400bb01f87610ec0b9f1aea9dc2,png,89504e470d0a1a0a,,%PNG....,1426547,2025-02-28T22:43:20.639188,2025-02-28T01:33:00,2025-02-28T22:44:47.326169
File106,File106.txt,f14a00c695926cd69546d07703f863828470524760afbce999abb84a6c13d900,txt,,,,28944,2025-02-28T22:43:20.642188,2025-02-28T01:33:00,2025-02-28T22:44:47.336170
File107,File107.jpg,9ae9a368cd561264a95abb5e5198f0b449c17afb9eb4eb93352f399978eac44a,jpg,ffd8,,,142129,2025-02-28T22:43:20.644187,2025-02-28T01:33:00,2025-02-28T22:44:47.348174
File108,File108.png,c4652a51f423257ee8f535c8ebab08230171ab681f25bfaed0caeaa7f4d91ecf,png,89504e470d0a1a0a,,%PNG....,1544836,2025-02-28T22:43:20.646602,2025-02-28T01:33:00,2025-02-28T22:44:47.356175
File109,File109.txt,03ef8efddfe82b94dd5ab780706f928bfb3c614e21fae4686e9812f06fc000b4,txt,,,,556987,2025-02-28T22:43:20.648604,2025-02-28T01:33:00,2025-02-28T22:44:47.365177
File110,File110.txt,e64f9accbe14dc70a30ded34c08ff2a374e1b69a9ba777693eee04f83986d5af,txt,,,,2828,2025-02-28T22:43:20.650605,2025-02-28T01:33:00,2025-02-28T22:44:47.374179
File111,File111.docx,be4813b07294520099ee561ef594396d61726eb042568cdca2bd27af6582e2d5,zip,504b0304,,PK..,146438,2025-02-28T22:43:20.652606,2025-02-28T01:33:00,2025-02-28T22:44:47.375180
File112,File112.bat,c46cfe45b8b38d43397873bcb7fa2e4d17a4d20727e77ab8d86a66bc8acd9a32,bat,,,,41,2025-02-28T22:43:20.655345,2025-02-28T01:33:00,2025-02-28T22:44:47.401185
File113,File113.jpg,c556339e370a7f8bc3fd9c1966adad947090eb47a158f906f0a21e292cdc54ee,jpg,ffd8,,,160547,2025-02-28T22:43:20.656348,2025-02-28T01:33:00,2025-02-28T22:44:47.402186
File114,File114.pdf,7662e8701c4b0dd703a57a78f4be877a743315267c28fb78ced2ba2f286bb8dc,pdf,25504446,,%PDF,527117,2025-02-28T22:43:20.658349,2025-02-28T01:33:00,2025-02-28T22:44:47.409188
File115,File115.exe,ad1d9a68a9007982adbf3af743d79b5e21bd8048c8ebf513cbed290406c26a4b,exe,4d5a,,MZ,1063014,2025-02-28T22:43:20.660348,2025-02-28T01:33:00,2025-02-28T22:44:47.421190
File116,File116.docx,358f93a1d4b7abbfbb30e5e1cf307101626b20898ae1979c4cc53238f24ea25e,zip,504b0304,,PK..,694240,2025-02-28T22:43:20.663349,2025-02-28T01:33:00,2025-02-28T22:44:47.565222
File117,,9d21d85165b09487ce74a8b955757454616cda16525b02d2e2043f21de7c0bff,zip,,,,64531,2025-02-28T22:43:20.665349,2025-02-28T01:33:00,2025-02-28T22:44:47.601231
File118,File118.exe,624ee8195382d2c555046293546c65c215e25751b75c0aedaa8a842cc22aca11,exe,4d5a,,MZ,1080656,2025-02-28T22:43:20.667350,2025-02-28T01:33:00,2025-02-28T22:44:47.603230
File119,File119.ps1,1b94ffee23b76220566a8507d7e1b0b1940a971e1a700d4496658fcd3b5f5f8c,ps1,efbbbf3c,,ï»¿<,555,2025-02-28T22:43:20.669350,2025-02-28T01:33:00,2025-02-28T22:44:47.683249
File120,File120.ps1,13a6ac51b47813e8e2bc1fea590c05cc6bc8e3ad964e3518de976d3ebb66f8f9,ps1,efbbbf3c,,ï»¿<,572,2025-02-28T22:43:20.672351,2025-02-28T01:33:00,2025-02-28T22:44:47.685249
File121,File121.docx,efbbc257b678eba3fd5a0d5ed8d5490a4a55fad8e4cd1e491a6b8cfcb3ac6945,zip,504b0304,,PK..,345850,2025-02-28T22:43:20.674352,2025-02-28T01:33:00,2025-02-28T22:44:47.687249
File122,File122.docx,af914f86a773bb8a035937c1603ae4cc1576b83dc6e4149bbf3d5f1219500015,zip,504b0304,,PK..,572074,2025-02-28T22:43:20.676353,2025-02-28T01:33:00,2025-02-28T22:44:47.722259
File123,File123.pdf,2c174db14e47a3582b5949c040ee19766c0a1e79810b924609c737ef14a77de6,pdf,25504446,,%PDF,521414,2025-02-28T22:43:20.678353,2025-02-28T01:33:00,2025-02-28T22:44:47.755604
File124,File124.jpg,115d22a6395054520a5e9e5e3e3d802ed1e2152455daea71b1bbb3fb3818cfcd,jpg,ffd8,,,173180,2025-02-28T22:43:20.681112,2025-02-28T01:33:00,2025-02-28T22:44:47.768607
File125,File125.png,314241eeef941f55c2be2c9da7d161d5c55e91c020f2fb5e8af91e418a695f4e,png,89504e470d0a1a0a,,%PNG....,1591997,2025-02-28T22:43:20.683114,2025-02-28T01:33:00,2025-02-28T22:44:47.777609
File126,File126.png,ec201bdcb6f90ca2416ded4104e63c1a1f08ea14f4c22a2cbda99ee6c8259b6f,png,89504e470d0a1a0a,,%PNG....,1502871,2025-02-28T22:43:20.685114,2025-02-28T01:33:00,2025-02-28T22:44:47.787611
File127,File127.jpg,e188f2817b33216c311c017d1b92e112abcb5bee1a2d4437efc58ab7490cc273,jpg,ffd8,,,154510,2025-02-28T22:43:20.688284,2025-02-28T01:33:00,2025-02-28T22:44:47.796613
File128,File128.bat,aecfaf78992755f73ee068196d43a6775e2ece96c2770171529e2517633396b6,bat,,,,87,2025-02-28T22:43:20.690285,2025-02-28T01:33:00,2025-02-28T22:44:47.803615
File129,File129.pdf,34768eb405fa77fd6375a3d87e40ad1df08c268171dfaf20230774e6c7612a8f,pdf,25504446,,%PDF,217395,2025-02-28T22:43:20.692285,2025-02-28T01:33:00,2025-02-28T22:44:47.805614
File130,,1e6534a07ccd6b616c9a80228698c73903dce2aad3053db598e9ae8ab4788c1e,zip,,,,100153,2025-02-28T22:43:20.694286,2025-02-28T01:33:00,2025-02-28T22:44:47.815617
File131,File131.xlsx,ca081c2d441688ece3475cdbd3136d3249fe993605e1053eeafbbb441f9486d8,zip,504b0304,,PK..,26769,2025-02-28T22:43:20.696285,2025-02-28T01:33:00,2025-02-28T22:44:47.816617
File132,File132.pdf,d795e506a98b382038c9b29117996c95f2edf9388105fc61347539c8312fbc83,pdf,25504446,,%PDF,588152,2025-02-28T22:43:20.698286,2025-02-28T01:33:00,2025-02-28T22:44:47.840881
File133,File133.jpg,0dcaf05f6c9f659cb8e342464316504b7ee03cb0aaae1731307206bb8130d74c,jpg,ffd8,,,159149,2025-02-28T22:43:20.700287,2025-02-28T01:33:00,2025-02-28T22:44:47.852884
File134,File134.xlsx,338d8b3851a2bed5444ff6364c5b70d6e5e1901195611e4a0a7592423375cab9,zip,504b0304,,PK..,744699,2025-02-28T22:43:20.702288,2025-02-28T01:33:00,2025-02-28T22:44:47.860885
File135,File135.pdf,dbcc6774709f846bfd632ba7f29bc152b24a5afcd431e1c875a7e67e97c9f6b3,pdf,25504446,,%PDF,5765224,2025-02-28T22:43:20.705288,2025-02-28T01:33:00,2025-02-28T22:44:47.893893
File136,File136.txt,e9e9b42ee499b4d0e717bbfece1011af2127c9bc70dd9d1e8feb0a59e654c2f7,txt,,,,1809714,2025-02-28T22:43:20.726292,2025-02-28T01:33:00,2025-02-28T22:44:47.917898
File137,File137.txt,36266a8fd073568394cb81cdb2b124f7fdae2c64c1a7ed09db34b4d22efa2951,txt,,,,1359,2025-02-28T22:43:20.729294,2025-02-28T01:33:00,2025-02-28T22:44:47.927900
File138,File138.pdf,41074035c291360d30b057eab0418219e3c531bb3186be50bb15bffbb8d7fb64,pdf,25504446,,%PDF,663177,2025-02-28T22:43:20.731296,2025-02-28T01:33:00,2025-02-28T22:44:47.929901
File139,File139.bat,2c214b7b450719ebdfde3e695e521d5b68592086983ee6bec6b9cc8a9983fab2,bat,,,,168,2025-02-28T22:43:20.734295,2025-02-28T01:33:00,2025-02-28T22:44:47.940903
File140,File140.jpg,2616a07362b644bcaf0bdb9f045cf066d1dc270dc3ccce937d4922d73954007b,jpg,ffd8,,,157962,2025-02-28T22:43:20.738297,2025-02-28T01:33:00,2025-02-28T22:44:47.941904
File141,File141.exe,e9b15661934525f6e87edabbc0ada0a8604398b2f1f47435803a9cec645a3881,exe,4d5a,,MZ,472874,2025-02-28T22:43:20.741297,2025-02-28T01:33:00,2025-02-28T22:44:47.948905
File142,File142.pptx,c6d39b4da918770a0a8ba7af099d3fe93723b0fa335814e073d2aa75d1c18bd9,zip,504b0304,,PK..,2693126,2025-02-28T22:43:20.744296,2025-02-28T01:33:00,2025-02-28T22:44:48.025922
File143,File143.jpg,81759f96075607fb7a984d8e9a6471e85a637146fec753e48eefe4d05a37e626,jpg,ffd8,,,1635658,2025-02-28T22:43:20.748297,2025-02-28T01:33:00,2025-02-28T22:44:48.119943
File144,File144.pptx,fdf18d8256d5950e63a8ae81982706e49c206760e03896555156f2d935718b9c,zip,504b0304,,PK..,2490902,2025-02-28T22:43:20.752299,2025-02-28T01:33:00,2025-02-28T22:44:48.131946
File145,File145.docx,dff503b08e4f8818a56b64390d279d741919f743891329a4280bbb0061f6b2c0,zip,504b0304,,PK..,82840,2025-02-28T22:43:20.755299,2025-02-28T01:33:00,2025-02-28T22:44:48.208966
File146,File146.dll,31096b3f8270edc5ddcb3dbd462c41afb39b2caabb928aa6938010a7e24578f2,exe,4d5a,,MZ,3072,2025-02-28T22:43:20.758300,2025-02-28T01:33:00,2025-02-28T22:44:48.237972
File147,File147.bat,2ddbd5f4ce4eccba52f3cc7ecf4929dfb571361d97a33ab3246617f70c9d482f,bat,,,,156,2025-02-28T22:43:20.760300,2025-02-28T01:33:00,2025-02-28T22:44:48.239974
File148,File148.txt,9e345ad76741371fbba34da23c39ccc3897ae35846ee44ab79fbfe18d3a9fd4e,txt,,,,315392,2025-02-28T22:43:20.764301,2025-02-28T01:33:00,2025-02-28T22:44:48.240974
File149,File149.docx,ca651505e86f7be138e5fc8a11b450a175064952e4bf882c332aba1831497212,zip,504b0304,,PK..,27228,2025-02-28T22:43:20.767303,2025-02-28T01:33:00,2025-02-28T22:44:48.248975
File150,,9db6a42860fa24a4f1b731f6ec736bd1235f95806c66b6d27064dde5917a974e,zip,,,,955283,2025-02-28T22:43:20.770303,2025-02-28T01:33:00,2025-02-28T22:44:48.272981
File151,File151.pptx,861b99687b257f226a124b0bf7d028d46bef5cfb31cccf4e68bd448af06fc2d4,zip,504b0304,,PK..,4723372,2025-02-28T22:43:20.773304,2025-02-28T01:33:00,2025-02-28T22:44:48.278982
File152,File152.jpg,6329dda11c90cc6461e58fbebfb0ed1ae744d5177b647748826eb22472b128c4,jpg,ffd8,,,151135,2025-02-28T22:43:20.778305,2025-02-28T01:33:00,2025-02-28T22:44:48.377004
File153,File153.xlsx,2d722a116f991e38f3f64fd486109be6280d91c1804682b4e40f67a7682d899f,zip,504b0304,,PK..,40590,2025-02-28T22:43:20.781306,2025-02-28T01:33:00,2025-02-28T22:44:48.384006
File154,File154.txt,42f2787a27c9889b60b1ef6da602c57c9a4fe0b6a945c7cc0fda60a8980d7e35,txt,,,,22534,2025-02-28T22:43:20.784305,2025-02-28T01:33:00,2025-02-28T22:44:48.407011
File155,File155.exe,3e30293590a4f124e5ad3a783f312f0a4607331799d31e103011a90af5aa8e92,exe,4d5a,,MZ,301568,2025-02-28T22:43:20.786306,2025-02-28T01:33:00,2025-02-28T22:44:48.419014
File156,File156.pdf,2dc04d6ab4d83b63c572f6a2aa0817c70394b8cb7342ea603a04e8cee59d764e,pdf,25504446,,%PDF,347444,2025-02-28T22:43:20.789307,2025-02-28T01:33:00,2025-02-28T22:44:48.536040
File157,File157.txt,320bee996580871e3863b5d8bcb333a83519bff327e2764bb82f84065f44d25d,txt,,,,10483,2025-02-28T22:43:20.791307,2025-02-28T01:33:00,2025-02-28T22:44:48.548043
File158,File158.ps1,164de5ced33b91f414e4837d123d2d77b44a1abc6bd23ccb8183f0e1355d0d9b,ps1,efbbbf3c,,ï»¿<,631,2025-02-28T22:43:20.793308,2025-02-28T01:33:00,2025-02-28T22:44:48.556044
File159,File159.exe,c50e84b679470efe6494352ebef66cda2b5bda1dd30981036ff4faaca28d9544,exe,4d5a,,MZ,317088,2025-02-28T22:43:20.795309,2025-02-28T01:33:00,2025-02-28T22:44:48.558045
File160,File160.dll,d0e714e047c50e9635d0eb408a19a5487f64950d40aa7e3f5fb03fd80550d9ed,exe,4d5a,,MZ,4096,2025-02-28T22:43:20.797309,2025-02-28T01:33:00,2025-02-28T22:44:48.567047
File161,,b424fe8fe48d94e754bf63fc1d31eca150177edbd63065873931b833b1d92c8d,zip,,,,50971,2025-02-28T22:43:20.800309,2025-02-28T01:33:00,2025-02-28T22:44:48.569048
File162,File162.xlsx,19cfcbd8a84eafdc7d99627b9a8e6a3b38d2414e124a412cd928ff0c3107467e,zip,504b0304,,PK..,28514,2025-02-28T22:43:20.802310,2025-02-28T01:33:00,2025-02-28T22:44:48.570048
File163,File163.jpg,a318143f9603d13e7c8f2afbcb27d8dd4045676773ea4170e60543e39f9d5aef,jpg,ffd8,,,174733,2025-02-28T22:43:20.805311,2025-02-28T01:33:00,2025-02-28T22:44:48.586051
File164,File164.dll,2d6f7296759859738048cf02b07f381cab62045037950e590f419df824adfc36,exe,4d5a,,MZ,12440,2025-02-28T22:43:20.807310,2025-02-28T01:33:00,2025-02-28T22:44:48.593053
File165,File165.ps1,1adecb3b5a3882cedce9fd64cddafebdcb045fe7035aac8f02ffe64dc827593c,ps1,efbbbf3c,,ï»¿<,696,2025-02-28T22:43:20.809311,2025-02-28T01:33:00,2025-02-28T22:44:48.611057
File166,File166.dll,565d4e064b9757bf3e30ff5f229f401c113aa6f073eb823f6d8994be5b189f0b,exe,4d5a,,MZ,3072,2025-02-28T22:43:20.811312,2025-02-28T01:33:00,2025-02-28T22:44:48.612056
File167,File167.txt,147a3761456127bcb8ada2c34728a301d01acd316946aad7d605c3a9ce37e6f2,txt,,,,1233,2025-02-28T22:43:20.813312,2025-02-28T01:33:00,2025-02-28T22:44:48.614057
File168,File168.txt,f831e7eed577481687a9bc0b48024e5e40b6f655fcde073ede964b50be5d55d9,txt,,,,7815,2025-02-28T22:43:20.815313,2025-02-28T01:33:00,2025-02-28T22:44:48.616058
File169,File169.ps1,5ca9c2b5b336be53bfe6310c3ea4a51f85d003898e267d9871803d05b1c1214f,ps1,efbbbf3c,,ï»¿<,781,2025-02-28T22:43:20.817313,2025-02-28T01:33:00,2025-02-28T22:44:48.617059
File170,,bf2180708e187ea7b3118b65d83767054c8fbdfc258c3fc7d0980f4d936de028,zip,,,,6138710,2025-02-28T22:43:20.819313,2025-02-28T01:33:00,2025-02-28T22:44:48.625061
File171,File171.xlsx,021ea4dc427c81adebedb8152f67e67de7dc74417b65c2e276c58ca7d27112fc,zip,504b0304,,PK..,1011368,2025-02-28T22:43:20.823314,2025-02-28T01:33:00,2025-02-28T22:44:48.627061
File172,File172.txt,f98118e352c0c17b1bd04afee6f258d5c29116bf5e6b74fa0a28148ab372519a,txt,,,,17097,2025-02-28T22:43:20.826662,2025-02-28T01:33:00,2025-02-28T22:44:48.660067
File173,File173.dll,d042f2a62c3169aae27e079f596effacf5c7d98e3777f230908e1a27f97d4aeb,exe,4d5a,,MZ,19232,2025-02-28T22:43:20.827665,2025-02-28T01:33:00,2025-02-28T22:44:48.669070
File174,File174.bat,40e4e9e028ff2c341f0f10c7e39bf16bb5328d3faa71e87b4e9bdb117101f0da,bat,,,,113,2025-02-28T22:43:20.830666,2025-02-28T01:33:00,2025-02-28T22:44:48.690075
File175,File175.ps1,e1be23b940aa48907364cf126cd3ba656d13f6e9db0317f5072e22952e3c36f2,ps1,efbbbf3c,,ï»¿<,829,2025-02-28T22:43:20.832666,2025-02-28T01:33:00,2025-02-28T22:44:48.692075
File176,File176.dll,827be39a735f8c49e3fc483b5a57401c463c0aa306ab14f277f20453f45833a1,exe,4d5a,,MZ,3072,2025-02-28T22:43:20.834666,2025-02-28T01:33:00,2025-02-28T22:44:48.693075
File177,File177.dll,b12679d33126d2dcb0cd3625fccf5c3afc40d95c1be36dc55f7471de94929d23,exe,4d5a,,MZ,12064,2025-02-28T22:43:20.836666,2025-02-28T01:33:00,2025-02-28T22:44:48.695076
File178,File178.ps1,8f10f3044eedf59e35d2a9b06eafeb6c73acfb25cb2cbac88b55e57e49034e9d,ps1,efbbbf3c,,ï»¿<,608,2025-02-28T22:43:20.838667,2025-02-28T01:33:00,2025-02-28T22:44:48.713080
File179,File179.txt,2d0f446840b79edc6392af5a19603d1092bf816a0853aa7e4017029ba05c7616,txt,,,,9093,2025-02-28T22:43:20.840667,2025-02-28T01:33:00,2025-02-28T22:44:48.714080
File180,File180.exe,93ad8b3ae0098063a59ecb9d4784d6222778e52c7c5f1d18238992842ba02ed6,exe,4d5a,,MZ,2071847,2025-02-28T22:43:20.842726,2025-02-28T01:33:00,2025-02-28T22:44:48.725083
File181,File181.xlsx,8a44bdbeaa77f132076aba2f6e3f59738ea5f75cc17717536c65f862aaa3131c,zip,504b0304,,PK..,9567,2025-02-28T22:43:20.844728,2025-02-28T01:33:00,2025-02-28T22:44:48.807100
File182,File182.pdf,2e4e83d7d42bbd305f4bb20a15f0f4b3346b7b335cb50d8c3a546f681ca1b832,pdf,25504446,,%PDF,490858,2025-02-28T22:43:20.846729,2025-02-28T01:33:00,2025-02-28T22:44:48.823104
File183,File183.xlsx,42efce0f18b4f04638c0f8804ac4b80a69992259e8e4cd842fe6b105eea3bfb2,zip,504b0304,,PK..,34148,2025-02-28T22:43:20.849729,2025-02-28T01:33:00,2025-02-28T22:44:48.851122
File184,File184.png,ef084f96946a33800a10c8cc5baea73a48025bcb100e1ab2c7f9c68fdd5755c3,png,89504e470d0a1a0a,,%PNG....,1660287,2025-02-28T22:43:20.851729,2025-02-28T01:33:00,2025-02-28T22:44:48.881129
File185,File185.pptx,5a61ca0690a051e9dace2cacd65a9aa956278cbef643e4a259d37d8b1da2055a,zip,504b0304,,PK..,870117,2025-02-28T22:43:20.854730,2025-02-28T01:33:00,2025-02-28T22:44:48.892132
File186,File186.txt,c665a33a2462010c88cc488ac006544014700c2d19b931e528cf40041cc5e9b0,txt,,,,2176,2025-02-28T22:43:20.856730,2025-02-28T01:33:00,2025-02-28T22:44:48.948144
File187,File187.xlsx,d0a731438645729fef6185853644eb033f08944318d6085f46c9561a1a7dc074,zip,504b0304,,PK..,23570,2025-02-28T22:43:20.858732,2025-02-28T01:33:00,2025-02-28T22:44:48.950145
File188,File188.txt,915c0560471eece77640068019d519f6f5cb345877fc4b7b2006a2cc58277ddf,txt,,,,10470,2025-02-28T22:43:20.860731,2025-02-28T01:33:00,2025-02-28T22:44:48.970149
File189,File189.docx,61907f67de8563ebbc76740b23bd97e332cb78a052b4491e9d7f740946cc692f,zip,504b0304,,PK..,95254,2025-02-28T22:43:20.862731,2025-02-28T01:33:00,2025-02-28T22:44:48.978150
File190,File190.png,4ed04cdb00ed9809033efbf8f9ad3debee924ff4564f200c96d88a9dc508d7dd,png,89504e470d0a1a0a,,%PNG....,1799942,2025-02-28T22:43:20.864732,2025-02-28T01:33:00,2025-02-28T22:44:49.008157
File191,File191.xlsx,19df1c62878cf4ef4634f87f35ad6b66a1df5433e9341772efa0ab2449962e92,zip,504b0304,,PK..,148835,2025-02-28T22:43:20.867733,2025-02-28T01:33:00,2025-02-28T22:44:49.017159
File192,File192.txt,105e7abe3ee6468f590368d72d02b63ff6eafe147a0cfdd994f952e2b7c9acbd,txt,,,,319563,2025-02-28T22:43:20.870039,2025-02-28T01:33:00,2025-02-28T22:44:49.055167
File193,File193.pptx,d3f23962bd711525f1e2797f0ec17f15d2a0b73665065bd20cb45d23fa6e3c99,zip,504b0304,,PK..,466915,2025-02-28T22:43:20.871040,2025-02-28T01:33:00,2025-02-28T22:44:49.063169
File194,File194.xlsx,9c78b4fcd0a2b8c46af7574db506f6e5c1ae85250034bef6e52c26aa88424b59,zip,504b0304,,PK..,1641870,2025-02-28T22:43:20.873041,2025-02-28T01:33:00,2025-02-28T22:44:49.127857
File195,File195.txt,c0f86d1003cd3c7117dc032b943928910944d00a61de2b3aef60f51c902c896f,txt,,,,87316,2025-02-28T22:43:20.876042,2025-02-28T01:33:00,2025-02-28T22:44:49.197873
File196,File196.xlsx,9e22d6eedee0a3399dc254fdfa1695b4a33e37782c2fe7dddca72f137e831c3c,zip,504b0304,,PK..,1379663,2025-02-28T22:43:20.878043,2025-02-28T01:33:00,2025-02-28T22:44:49.205875
File197,File197.docx,f5afab8876440ad6cb9b95a3988d0d97bc9eaffef86a3d668e74237d7013bd0b,zip,504b0304,,PK..,2454899,2025-02-28T22:43:20.881043,2025-02-28T01:33:00,2025-02-28T22:44:49.253886
File198,File198.docx,ada5a897f6c0a25fd1f71df86455346435639000cd10f1dae3d32675ecc75660,zip,504b0304,,PK..,10412619,2025-02-28T22:43:20.884043,2025-02-28T01:33:00,2025-02-28T22:44:49.315903
File199,File199.pdf,be349d9ae09d8cf0f9065dd7a790a41416d3ebf93eb75015bd852266d3b223f9,pdf,25504446,,%PDF,266057,2025-02-28T22:43:20.890044,2025-02-28T01:33:00,2025-02-28T22:44:49.406935
File200,,e8f2c7602555751cf8fe40de5e51d1d51c3abcaf617af949cae601c7f21cb4fb,exe,,,,1543898,2025-02-28T22:43:20.893045,2025-02-28T01:33:00,2025-02-28T22:44:49.419937
File201,File201.exe,cca30ca51762ebc3627fb2bf0ad625f04e52ef1af1b5070132279f5f40015d7f,exe,4d5a,,MZ,867014,2025-02-28T22:43:20.895046,2025-02-28T01:33:00,2025-02-28T22:44:49.421938
File202,File202.txt,4fb8184bee8c99d59555e7e387a0ebec6df0e3e1801aa640133374ead7c56e78,txt,,,,1204734,2025-02-28T22:43:20.897046,2025-02-28T01:33:00,2025-02-28T22:44:49.494954
File203,File203.ps1,24795cf6cd080bb4897f9e532b34c1e2ebd3d841aa5bfcd30d8c75b833d69518,ps1,efbbbf3c,,ï»¿<,781,2025-02-28T22:43:20.899047,2025-02-28T01:33:00,2025-02-28T22:44:49.502957
File204,File204.ps1,a3a56b01c83255a27ffc21329316ee7bbc2fe6a0e0dc4449d1e8d154312b7ce4,ps1,efbbbf3c,,ï»¿<,681,2025-02-28T22:43:20.901870,2025-02-28T01:33:00,2025-02-28T22:44:49.504957
File205,File205.jpg,d0aa4a315d66e1197e18c51b0924b09e5c716b1204fafb8ac43d101a9da06a89,jpg,ffd8,,,169050,2025-02-28T22:43:20.902871,2025-02-28T01:33:00,2025-02-28T22:44:49.505956
File206,File206.xlsx,f435ebe4e5aef3479aedf5b2128f6111635cce44f4a7f19cb3ea8d92d21b216d,zip,504b0304,,PK..,209333,2025-02-28T22:43:20.904872,2025-02-28T01:33:00,2025-02-28T22:44:49.512958
File207,File207.exe,101bcf563ebe0e8ef4f0a63513614791b3c306c10f8382416276992a85dd63b1,exe,4d5a,,MZ,726251,2025-02-28T22:43:20.906872,2025-02-28T01:33:00,2025-02-28T22:44:49.539965
File208,,24a50953cdcb5923deb5c91fc03c89144d6b48ce288457a85f380f511cf6f0ff,zip,,,,3060289,2025-02-28T22:43:20.909872,2025-02-28T01:33:00,2025-02-28T22:44:49.611981
File209,File209.pdf,19de82512ea67a8ca22985d597dc2190f33d23a410315fde887e60bd525a268b,pdf,25504446,,%PDF,202653,2025-02-28T22:43:20.924870,2025-02-28T01:33:00,2025-02-28T22:44:49.612980
File210,File210.xlsx,ff59a2acd6b318ffc75e2ed3c5936c69d56eda24b6a57049a5d75f14308c00e7,zip,504b0304,,PK..,184563,2025-02-28T22:43:20.927376,2025-02-28T01:33:00,2025-02-28T22:44:49.624984
File211,,dcfff3750dfaabd52f4c62a35a98f1d0df5227aec8ebfcc2e8167bc71c4b05cc,zip,,,,458026,2025-02-28T22:43:20.929377,2025-02-28T01:33:00,2025-02-28T22:44:49.666994
File212,File212.bat,5949cf679127b5a6fdb19a4200f72a8bb2b6095bd61e64692cb6b39a06fa96f9,bat,,,,182,2025-02-28T22:43:20.932378,2025-02-28T01:33:00,2025-02-28T22:44:49.667993
File213,File213.dll,47914ae30332a9b287cd49cf1848a923790dec9693742ea370ee5ae9d5f4cd4f,exe,4d5a,,MZ,66043,2025-02-28T22:43:20.934378,2025-02-28T01:33:00,2025-02-28T22:44:49.669994
File214,File214.jpg,568ea3e5a0735f8eb6cde01fe02dd588f2474ecb959188c4fe55a4252cf1d429,jpg,ffd8,,,166868,2025-02-28T22:43:20.936379,2025-02-28T01:33:00,2025-02-28T22:44:49.688998
File215,File215.ps1,39f623db0d8f79359e3f585fec270bf9a189c19392e4a69d111ecc71415bad32,ps1,efbbbf3c,,ï»¿<,643,2025-02-28T22:43:20.939379,2025-02-28T01:33:00,2025-02-28T22:44:49.695999
File216,File216.ps1,44e76ab7e070b8e79e26f13b31c2c574ac6194364864ed485961ecbce0a19dc7,ps1,efbbbf3c,,ï»¿<,628,2025-02-28T22:43:20.942380,2025-02-28T01:33:00,2025-02-28T22:44:49.696999
File217,File217.txt,0d359811829860ca2834f57db70b89d41ec044ab22f85f1a87f5c22228d5d899,txt,,,,14118,2025-02-28T22:43:20.945381,2025-02-28T01:33:00,2025-02-28T22:44:49.699000
File218,File218.png,0037cf511e2b34db246d16b964f9373c21b2dc7b268b9cfcbe89620b16fc4c74,png,89504e470d0a1a0a,,%PNG....,1394042,2025-02-28T22:43:20.948383,2025-02-28T01:33:00,2025-02-28T22:44:49.710003
File219,File219.jpg,a119016709f406bf1550822b2bdc3807c1a2fdb953e387e9257e08d1a81549f9,jpg,ffd8,,,127189,2025-02-28T22:43:20.951382,2025-02-28T01:33:00,2025-02-28T22:44:49.719005
File220,File220.bat,a02767a52d8c1fcde77ed6d297d3ac17029275c6125af1c6ac5a618904f71c6e,bat,,,,191,2025-02-28T22:43:20.956383,2025-02-28T01:33:00,2025-02-28T22:44:49.726005
